﻿<Project Guid="9e9a67f8-79df-4d05-8cfa-61bd8095661e" Name="GameProject" Version="2.3">
  <Subsystems>
    <Values Name="BedrockBlockBehavior">
      <Values Name="Territoriy" />
    </Values>
    <Values Name="PlayerStats">
      <Values Name="Stats" />
    </Values>
    <Values Name="Players">
      <Values Name="BlackPlayerGuidList" />
      <Values Name="NoMsgPlayerGuidList" />
      <Value Name="GlobalSpawnPosition" Type="Vector3" Value="0,0,0" />
      <Values Name="Players" />
      <Values Name="OfflinePlayerEntities" />
    </Values>
    <Values Name="TruthTableCircuitBlockBehavior">
      <Values Name="Blocks" />
      <Values Name="Items" />
    </Values>
    <Values Name="Spawn">
      <Values Name="Chunks" />
    </Values>
    <Values Name="Pickables">
      <Values Name="Pickables" />
    </Values>
    <Values Name="MemoryBankBlockBehavior">
      <Values Name="Blocks" />
      <Values Name="Items" />
    </Values>
    <Values Name="ExplosivesBlockBehavior">
      <Values Name="Explosives" />
    </Values>
    <Values Name="WoodBlockBehavior">
      <Value Name="LeavesToCheck" Type="string" Value="" />
    </Values>
    <Values Name="Weather">
      <Value Name="WeatherStartTime" Type="double" Value="125.31781437573954" />
      <Value Name="WeatherEndTime" Type="double" Value="366.71320011792704" />
      <Value Name="LightningIntensity" Type="float" Value="0.5652847" />
    </Values>
    <Values Name="SignBlockBehavior">
      <Values Name="Texts" />
    </Values>
    <Values Name="Projectiles">
      <Values Name="Projectiles" />
    </Values>
    <Values Name="MovingBlocks">
      <Values Name="MovingBlockSets" />
    </Values>
    <Values Name="GameInfo">
      <Value Name="WorldName" Type="string" Value="Earth Online" />
      <Value Name="OriginalSerializationVersion" Type="string" Value="2.3" />
      <Value Name="GameMode" Type="Game.GameMode" Value="Challenging" />
      <Value Name="EnvironmentBehaviorMode" Type="Game.EnvironmentBehaviorMode" Value="Living" />
      <Value Name="TimeOfDayMode" Type="Game.TimeOfDayMode" Value="Changing" />
      <Value Name="RecoverFator" Type="float" Value="9999999" />
      <Value Name="DaySpeed" Type="float" Value="1" />
      <Value Name="AreWeatherEffectsEnabled" Type="bool" Value="True" />
      <Value Name="IsAdventureRespawnAllowed" Type="bool" Value="True" />
      <Value Name="AreAdventureSurvivalMechanicsEnabled" Type="bool" Value="True" />
      <Value Name="AreSupernaturalCreaturesEnabled" Type="bool" Value="True" />
      <Value Name="IsFriendlyFireEnabled" Type="bool" Value="False" />
      <Value Name="Password" Type="string" Value="" />
      <Value Name="RunServer" Type="bool" Value="True" />
      <Value Name="IsNeedCommunityLogin" Type="bool" Value="False" />
      <Value Name="WorldSeedString" Type="string" Value="Earth Online" />
      <Value Name="TerrainGenerationMode" Type="Game.TerrainGenerationMode" Value="Continent" />
      <Value Name="IslandSize" Type="Vector2" Value="400,400" />
      <Value Name="TerrainLevel" Type="int" Value="64" />
      <Value Name="ShoreRoughness" Type="float" Value="0.5" />
      <Value Name="TerrainBlockIndex" Type="int" Value="8" />
      <Value Name="TerrainOceanBlockIndex" Type="int" Value="18" />
      <Value Name="TemperatureOffset" Type="float" Value="0" />
      <Value Name="HumidityOffset" Type="float" Value="0" />
      <Value Name="SeaLevelOffset" Type="int" Value="0" />
      <Value Name="BiomeSize" Type="float" Value="1" />
      <Value Name="StartingPositionMode" Type="Game.StartingPositionMode" Value="Hard" />
      <Value Name="BlockTextureName" Type="string" Value="" />
      <Values Name="Palette">
        <Value Name="Colors" Type="string" Value=";;;;;;;;;;;;;;;" />
        <Value Name="Names" Type="string" Value="白色;浅青色;粉红色;浅蓝色;黄色;浅绿色;鲑鱼红色;亮灰色;灰色;青色;紫色;蓝色;棕色;绿色;红色;黑色" />
      </Values>
      <Value Name="MaxOnlinePlayerCount" Type="ushort" Value="9999" />
      <Value Name="DisableBlocks" Type="string" Value="" />
      <Value Name="RandomSpawnPosition" Type="bool" Value="False" />
      <Value Name="WorldSeed" Type="int" Value="190022" />
      <Value Name="TotalElapsedGameTime" Type="double" Value="0.0093142000259831548" />
    </Values>
    <Values Name="FurnitureBlockBehavior">
      <Values Name="FurnitureDesigns" />
      <Values Name="FurnitureSets" />
    </Values>
    <Values Name="Electricity">
      <Value Name="VoltagesByCell" Type="string" Value="" />
      <Value Name="Step" Type="int" Value="0" />
    </Values>
    <Values Name="SaplingBlockBehavior">
      <Values Name="Saplings" />
    </Values>
    <Values Name="BlocksScanner">
      <Value Name="PollChunkCoordinates" Type="Point2" Value="0,0" />
      <Value Name="PollPoint" Type="Point2" Value="0,0" />
      <Value Name="PollPass" Type="int" Value="0" />
    </Values>
    <Values Name="RotBlockBehavior">
      <Value Name="LastRotTime" Type="double" Value="0" />
      <Value Name="RotStep" Type="int" Value="0" />
    </Values>
    <Values Name="MagnetBlockBehavior">
      <Value Name="Magnets" Type="string" Value="" />
    </Values>
    <Values Name="TimeOfDay">
      <Value Name="TimeOfDayOffset" Type="double" Value="0" />
    </Values>
  </Subsystems>
  <Entities />
</Project>